filename_fullpath,filename
/uufs/chpc.utah.edu/common/home/u6042467/starr-group1/sequencing/TNS/2022/221208_Omicron-Vir-RBM-mAbs_bc/221130_WH1_lib1_ref_S85_R1_001.fastq.gz,221130_WH1_lib1_ref_S85_R1_001.fastq.gz
/uufs/chpc.utah.edu/common/home/u6042467/starr-group1/sequencing/TNS/2022/221208_Omicron-Vir-RBM-mAbs_bc/221130_WH1_lib2_ref_S86_R1_001.fastq.gz,221130_WH1_lib2_ref_S86_R1_001.fastq.gz
/uufs/chpc.utah.edu/common/home/u6042467/starr-group1/sequencing/TNS/2022/221208_Omicron-Vir-RBM-mAbs_bc/221130_expt1_lib1_S89_R1_001.fastq.gz,221130_expt1_lib1_S89_R1_001.fastq.gz
/uufs/chpc.utah.edu/common/home/u6042467/starr-group1/sequencing/TNS/2022/221208_Omicron-Vir-RBM-mAbs_bc/221130_expt1_lib2_S90_R1_001.fastq.gz,221130_expt1_lib2_S90_R1_001.fastq.gz
/uufs/chpc.utah.edu/common/home/u6042467/starr-group1/sequencing/TNS/2023/230628_Aerium-Vir-mAbs_XBB-polish/21073R/Fastq/21073X49_230712_A00421_0570_BHFTYKDRX3_S49_L001_R1_001.fastq.gz,21073X49_230712_A00421_0570_BHFTYKDRX3_S49_L001_R1_001.fastq.gz
/uufs/chpc.utah.edu/common/home/u6042467/starr-group1/sequencing/TNS/2023/230628_Aerium-Vir-mAbs_XBB-polish/21073R/Fastq/21073X49_230712_A00421_0570_BHFTYKDRX3_S49_L002_R1_001.fastq.gz,21073X49_230712_A00421_0570_BHFTYKDRX3_S49_L002_R1_001.fastq.gz
/uufs/chpc.utah.edu/common/home/u6042467/starr-group1/sequencing/TNS/2023/230628_Aerium-Vir-mAbs_XBB-polish/21073R/Fastq/21073X50_230712_A00421_0570_BHFTYKDRX3_S50_L001_R1_001.fastq.gz,21073X50_230712_A00421_0570_BHFTYKDRX3_S50_L001_R1_001.fastq.gz
/uufs/chpc.utah.edu/common/home/u6042467/starr-group1/sequencing/TNS/2023/230628_Aerium-Vir-mAbs_XBB-polish/21073R/Fastq/21073X50_230712_A00421_0570_BHFTYKDRX3_S50_L002_R1_001.fastq.gz,21073X50_230712_A00421_0570_BHFTYKDRX3_S50_L002_R1_001.fastq.gz
/uufs/chpc.utah.edu/common/home/u6042467/starr-group1/sequencing/TNS/2023/230628_Aerium-Vir-mAbs_XBB-polish/21073R/Fastq/21073X51_230712_A00421_0570_BHFTYKDRX3_S51_L001_R1_001.fastq.gz,21073X51_230712_A00421_0570_BHFTYKDRX3_S51_L001_R1_001.fastq.gz
/uufs/chpc.utah.edu/common/home/u6042467/starr-group1/sequencing/TNS/2023/230628_Aerium-Vir-mAbs_XBB-polish/21073R/Fastq/21073X51_230712_A00421_0570_BHFTYKDRX3_S51_L002_R1_001.fastq.gz,21073X51_230712_A00421_0570_BHFTYKDRX3_S51_L002_R1_001.fastq.gz
/uufs/chpc.utah.edu/common/home/u6042467/starr-group1/sequencing/TNS/2023/230628_Aerium-Vir-mAbs_XBB-polish/21073R/Fastq/21073X52_230712_A00421_0570_BHFTYKDRX3_S52_L001_R1_001.fastq.gz,21073X52_230712_A00421_0570_BHFTYKDRX3_S52_L001_R1_001.fastq.gz
/uufs/chpc.utah.edu/common/home/u6042467/starr-group1/sequencing/TNS/2023/230628_Aerium-Vir-mAbs_XBB-polish/21073R/Fastq/21073X52_230712_A00421_0570_BHFTYKDRX3_S52_L002_R1_001.fastq.gz,21073X52_230712_A00421_0570_BHFTYKDRX3_S52_L002_R1_001.fastq.gz
/uufs/chpc.utah.edu/common/home/u6042467/starr-group1/sequencing/TNS/2023/230628_Aerium-Vir-mAbs_XBB-polish/21073R/Fastq/21073X53_230712_A00421_0570_BHFTYKDRX3_S53_L001_R1_001.fastq.gz,21073X53_230712_A00421_0570_BHFTYKDRX3_S53_L001_R1_001.fastq.gz
/uufs/chpc.utah.edu/common/home/u6042467/starr-group1/sequencing/TNS/2023/230628_Aerium-Vir-mAbs_XBB-polish/21073R/Fastq/21073X53_230712_A00421_0570_BHFTYKDRX3_S53_L002_R1_001.fastq.gz,21073X53_230712_A00421_0570_BHFTYKDRX3_S53_L002_R1_001.fastq.gz
/uufs/chpc.utah.edu/common/home/u6042467/starr-group1/sequencing/TNS/2023/230628_Aerium-Vir-mAbs_XBB-polish/21073R/Fastq/21073X54_230712_A00421_0570_BHFTYKDRX3_S54_L001_R1_001.fastq.gz,21073X54_230712_A00421_0570_BHFTYKDRX3_S54_L001_R1_001.fastq.gz
/uufs/chpc.utah.edu/common/home/u6042467/starr-group1/sequencing/TNS/2023/230628_Aerium-Vir-mAbs_XBB-polish/21073R/Fastq/21073X54_230712_A00421_0570_BHFTYKDRX3_S54_L002_R1_001.fastq.gz,21073X54_230712_A00421_0570_BHFTYKDRX3_S54_L002_R1_001.fastq.gz
/uufs/chpc.utah.edu/common/home/u6042467/starr-group1/sequencing/TNS/2023/230628_Aerium-Vir-mAbs_XBB-polish/21073R/Fastq/21073X5_230712_A00421_0570_BHFTYKDRX3_S5_L001_R1_001.fastq.gz,21073X5_230712_A00421_0570_BHFTYKDRX3_S5_L001_R1_001.fastq.gz
/uufs/chpc.utah.edu/common/home/u6042467/starr-group1/sequencing/TNS/2023/230628_Aerium-Vir-mAbs_XBB-polish/21073R/Fastq/21073X5_230712_A00421_0570_BHFTYKDRX3_S5_L002_R1_001.fastq.gz,21073X5_230712_A00421_0570_BHFTYKDRX3_S5_L002_R1_001.fastq.gz
/uufs/chpc.utah.edu/common/home/u6042467/starr-group1/sequencing/TNS/2023/230628_Aerium-Vir-mAbs_XBB-polish/21073R/Fastq/21073X6_230712_A00421_0570_BHFTYKDRX3_S6_L001_R1_001.fastq.gz,21073X6_230712_A00421_0570_BHFTYKDRX3_S6_L001_R1_001.fastq.gz
/uufs/chpc.utah.edu/common/home/u6042467/starr-group1/sequencing/TNS/2023/230628_Aerium-Vir-mAbs_XBB-polish/21073R/Fastq/21073X6_230712_A00421_0570_BHFTYKDRX3_S6_L002_R1_001.fastq.gz,21073X6_230712_A00421_0570_BHFTYKDRX3_S6_L002_R1_001.fastq.gz
/uufs/chpc.utah.edu/common/home/u6042467/starr-group1/sequencing/TNS/2023/230531_Omicron-MAP_Vir-RBM_Aerium_bc/230512_WH1_lib1_presort_1_S29_R1_001.fastq.gz,230512_WH1_lib1_presort_1_S29_R1_001.fastq.gz
/uufs/chpc.utah.edu/common/home/u6042467/starr-group1/sequencing/TNS/2023/230531_Omicron-MAP_Vir-RBM_Aerium_bc/230512_WH1_lib1_presort_2_S30_R1_001.fastq.gz,230512_WH1_lib1_presort_2_S30_R1_001.fastq.gz
/uufs/chpc.utah.edu/common/home/u6042467/starr-group1/sequencing/TNS/2023/230531_Omicron-MAP_Vir-RBM_Aerium_bc/230512_WH1_lib1_presort_3_S31_R1_001.fastq.gz,230512_WH1_lib1_presort_3_S31_R1_001.fastq.gz
/uufs/chpc.utah.edu/common/home/u6042467/starr-group1/sequencing/TNS/2023/230531_Omicron-MAP_Vir-RBM_Aerium_bc/230512_WH1_lib1_presort_4_S32_R1_001.fastq.gz,230512_WH1_lib1_presort_4_S32_R1_001.fastq.gz
/uufs/chpc.utah.edu/common/home/u6042467/starr-group1/sequencing/TNS/2023/230531_Omicron-MAP_Vir-RBM_Aerium_bc/230512_WH1_lib2_presort_1_S33_R1_001.fastq.gz,230512_WH1_lib2_presort_1_S33_R1_001.fastq.gz
/uufs/chpc.utah.edu/common/home/u6042467/starr-group1/sequencing/TNS/2023/230531_Omicron-MAP_Vir-RBM_Aerium_bc/230512_WH1_lib2_presort_2_S34_R1_001.fastq.gz,230512_WH1_lib2_presort_2_S34_R1_001.fastq.gz
/uufs/chpc.utah.edu/common/home/u6042467/starr-group1/sequencing/TNS/2023/230531_Omicron-MAP_Vir-RBM_Aerium_bc/230512_WH1_lib2_presort_3_S35_R1_001.fastq.gz,230512_WH1_lib2_presort_3_S35_R1_001.fastq.gz
/uufs/chpc.utah.edu/common/home/u6042467/starr-group1/sequencing/TNS/2023/230531_Omicron-MAP_Vir-RBM_Aerium_bc/230512_WH1_lib2_presort_4_S36_R1_001.fastq.gz,230512_WH1_lib2_presort_4_S36_R1_001.fastq.gz
/uufs/chpc.utah.edu/common/home/u6042467/starr-group1/sequencing/TNS/2023/230531_Omicron-MAP_Vir-RBM_Aerium_bc/230512_e2_r1_S3_R1_001.fastq.gz,230512_e2_r1_S3_R1_001.fastq.gz
/uufs/chpc.utah.edu/common/home/u6042467/starr-group1/sequencing/TNS/2023/230531_Omicron-MAP_Vir-RBM_Aerium_bc/230512_e2_r2_S4_R1_001.fastq.gz,230512_e2_r2_S4_R1_001.fastq.gz
/uufs/chpc.utah.edu/common/home/u6042467/starr-group1/sequencing/TNS/2024/240508_Illumina_mAb-escape-SA55-Omi42/240415-lib12-presort-1_R1_001.fastq.gz,240415-lib12-presort-1_R1_001.fastq.gz
/uufs/chpc.utah.edu/common/home/u6042467/starr-group1/sequencing/TNS/2024/240508_Illumina_mAb-escape-SA55-Omi42/240415-lib12-presort-2_R1_001.fastq.gz,240415-lib12-presort-2_R1_001.fastq.gz
/uufs/chpc.utah.edu/common/home/u6042467/starr-group1/sequencing/TNS/2024/240508_Illumina_mAb-escape-SA55-Omi42/240415-lib12-presort-3_R1_001.fastq.gz,240415-lib12-presort-3_R1_001.fastq.gz
/uufs/chpc.utah.edu/common/home/u6042467/starr-group1/sequencing/TNS/2024/240508_Illumina_mAb-escape-SA55-Omi42/240415-lib12-presort-4_R1_001.fastq.gz,240415-lib12-presort-4_R1_001.fastq.gz
/uufs/chpc.utah.edu/common/home/u6042467/starr-group1/sequencing/TNS/2024/240508_Illumina_mAb-escape-SA55-Omi42/240415-lib13-presort-1_R1_001.fastq.gz,240415-lib13-presort-1_R1_001.fastq.gz
/uufs/chpc.utah.edu/common/home/u6042467/starr-group1/sequencing/TNS/2024/240508_Illumina_mAb-escape-SA55-Omi42/240415-lib13-presort-2_R1_001.fastq.gz,240415-lib13-presort-2_R1_001.fastq.gz
/uufs/chpc.utah.edu/common/home/u6042467/starr-group1/sequencing/TNS/2024/240508_Illumina_mAb-escape-SA55-Omi42/240415-lib13-presort-3_R1_001.fastq.gz,240415-lib13-presort-3_R1_001.fastq.gz
/uufs/chpc.utah.edu/common/home/u6042467/starr-group1/sequencing/TNS/2024/240508_Illumina_mAb-escape-SA55-Omi42/240415-lib13-presort-4_R1_001.fastq.gz,240415-lib13-presort-4_R1_001.fastq.gz
/uufs/chpc.utah.edu/common/home/u6042467/starr-group1/sequencing/TNS/2024/240508_Illumina_mAb-escape-SA55-Omi42/240415-e1-r1_R1_001.fastq.gz,240415-e1-r1_R1_001.fastq.gz
/uufs/chpc.utah.edu/common/home/u6042467/starr-group1/sequencing/TNS/2024/240508_Illumina_mAb-escape-SA55-Omi42/240415-e1-r2_R1_001.fastq.gz,240415-e1-r2_R1_001.fastq.gz
/uufs/chpc.utah.edu/common/home/u6042467/starr-group1/sequencing/TNS/2024/240508_Illumina_mAb-escape-SA55-Omi42/240415-e4-r1_R1_001.fastq.gz,240415-e4-r1_R1_001.fastq.gz
/uufs/chpc.utah.edu/common/home/u6042467/starr-group1/sequencing/TNS/2024/240508_Illumina_mAb-escape-SA55-Omi42/240415-e4-r2_R1_001.fastq.gz,240415-e4-r2_R1_001.fastq.gz
/uufs/chpc.utah.edu/common/home/u6042467/starr-group1/sequencing/TNS/2023/230628_Aerium-Vir-mAbs_XBB-polish/21073R/Fastq/21073X55_230712_A00421_0570_BHFTYKDRX3_S55_L001_R1_001.fastq.gz,21073X55_230712_A00421_0570_BHFTYKDRX3_S55_L001_R1_001.fastq.gz
/uufs/chpc.utah.edu/common/home/u6042467/starr-group1/sequencing/TNS/2023/230628_Aerium-Vir-mAbs_XBB-polish/21073R/Fastq/21073X55_230712_A00421_0570_BHFTYKDRX3_S55_L002_R1_001.fastq.gz,21073X55_230712_A00421_0570_BHFTYKDRX3_S55_L002_R1_001.fastq.gz
/uufs/chpc.utah.edu/common/home/u6042467/starr-group1/sequencing/TNS/2023/230628_Aerium-Vir-mAbs_XBB-polish/21073R/Fastq/21073X56_230712_A00421_0570_BHFTYKDRX3_S56_L001_R1_001.fastq.gz,21073X56_230712_A00421_0570_BHFTYKDRX3_S56_L001_R1_001.fastq.gz
/uufs/chpc.utah.edu/common/home/u6042467/starr-group1/sequencing/TNS/2023/230628_Aerium-Vir-mAbs_XBB-polish/21073R/Fastq/21073X56_230712_A00421_0570_BHFTYKDRX3_S56_L002_R1_001.fastq.gz,21073X56_230712_A00421_0570_BHFTYKDRX3_S56_L002_R1_001.fastq.gz
/uufs/chpc.utah.edu/common/home/u6042467/starr-group1/sequencing/TNS/2023/230628_Aerium-Vir-mAbs_XBB-polish/21073R/Fastq/21073X57_230712_A00421_0570_BHFTYKDRX3_S57_L001_R1_001.fastq.gz,21073X57_230712_A00421_0570_BHFTYKDRX3_S57_L001_R1_001.fastq.gz
/uufs/chpc.utah.edu/common/home/u6042467/starr-group1/sequencing/TNS/2023/230628_Aerium-Vir-mAbs_XBB-polish/21073R/Fastq/21073X57_230712_A00421_0570_BHFTYKDRX3_S57_L002_R1_001.fastq.gz,21073X57_230712_A00421_0570_BHFTYKDRX3_S57_L002_R1_001.fastq.gz
/uufs/chpc.utah.edu/common/home/u6042467/starr-group1/sequencing/TNS/2023/230628_Aerium-Vir-mAbs_XBB-polish/21073R/Fastq/21073X58_230712_A00421_0570_BHFTYKDRX3_S58_L001_R1_001.fastq.gz,21073X58_230712_A00421_0570_BHFTYKDRX3_S58_L001_R1_001.fastq.gz
/uufs/chpc.utah.edu/common/home/u6042467/starr-group1/sequencing/TNS/2023/230628_Aerium-Vir-mAbs_XBB-polish/21073R/Fastq/21073X58_230712_A00421_0570_BHFTYKDRX3_S58_L002_R1_001.fastq.gz,21073X58_230712_A00421_0570_BHFTYKDRX3_S58_L002_R1_001.fastq.gz
/uufs/chpc.utah.edu/common/home/u6042467/starr-group1/sequencing/TNS/2023/230628_Aerium-Vir-mAbs_XBB-polish/21073R/Fastq/21073X59_230712_A00421_0570_BHFTYKDRX3_S59_L001_R1_001.fastq.gz,21073X59_230712_A00421_0570_BHFTYKDRX3_S59_L001_R1_001.fastq.gz
/uufs/chpc.utah.edu/common/home/u6042467/starr-group1/sequencing/TNS/2023/230628_Aerium-Vir-mAbs_XBB-polish/21073R/Fastq/21073X59_230712_A00421_0570_BHFTYKDRX3_S59_L002_R1_001.fastq.gz,21073X59_230712_A00421_0570_BHFTYKDRX3_S59_L002_R1_001.fastq.gz
/uufs/chpc.utah.edu/common/home/u6042467/starr-group1/sequencing/TNS/2023/230628_Aerium-Vir-mAbs_XBB-polish/21073R/Fastq/21073X60_230712_A00421_0570_BHFTYKDRX3_S60_L001_R1_001.fastq.gz,21073X60_230712_A00421_0570_BHFTYKDRX3_S60_L001_R1_001.fastq.gz
/uufs/chpc.utah.edu/common/home/u6042467/starr-group1/sequencing/TNS/2023/230628_Aerium-Vir-mAbs_XBB-polish/21073R/Fastq/21073X60_230712_A00421_0570_BHFTYKDRX3_S60_L002_R1_001.fastq.gz,21073X60_230712_A00421_0570_BHFTYKDRX3_S60_L002_R1_001.fastq.gz
/uufs/chpc.utah.edu/common/home/u6042467/starr-group1/sequencing/TNS/2023/230628_Aerium-Vir-mAbs_XBB-polish/21073R/Fastq/21073X7_230712_A00421_0570_BHFTYKDRX3_S7_L001_R1_001.fastq.gz,21073X7_230712_A00421_0570_BHFTYKDRX3_S7_L001_R1_001.fastq.gz
/uufs/chpc.utah.edu/common/home/u6042467/starr-group1/sequencing/TNS/2023/230628_Aerium-Vir-mAbs_XBB-polish/21073R/Fastq/21073X7_230712_A00421_0570_BHFTYKDRX3_S7_L002_R1_001.fastq.gz,21073X7_230712_A00421_0570_BHFTYKDRX3_S7_L002_R1_001.fastq.gz
/uufs/chpc.utah.edu/common/home/u6042467/starr-group1/sequencing/TNS/2023/230628_Aerium-Vir-mAbs_XBB-polish/21073R/Fastq/21073X8_230712_A00421_0570_BHFTYKDRX3_S8_L001_R1_001.fastq.gz,21073X8_230712_A00421_0570_BHFTYKDRX3_S8_L001_R1_001.fastq.gz
/uufs/chpc.utah.edu/common/home/u6042467/starr-group1/sequencing/TNS/2023/230628_Aerium-Vir-mAbs_XBB-polish/21073R/Fastq/21073X8_230712_A00421_0570_BHFTYKDRX3_S8_L002_R1_001.fastq.gz,21073X8_230712_A00421_0570_BHFTYKDRX3_S8_L002_R1_001.fastq.gz
/uufs/chpc.utah.edu/common/home/u6042467/starr-group1/sequencing/TNS/2023/230531_Omicron-MAP_Vir-RBM_Aerium_bc/230512_BA2_lib1_presort_1_S21_R1_001.fastq.gz,230512_BA2_lib1_presort_1_S21_R1_001.fastq.gz
/uufs/chpc.utah.edu/common/home/u6042467/starr-group1/sequencing/TNS/2023/230531_Omicron-MAP_Vir-RBM_Aerium_bc/230512_BA2_lib1_presort_2_S22_R1_001.fastq.gz,230512_BA2_lib1_presort_2_S22_R1_001.fastq.gz
/uufs/chpc.utah.edu/common/home/u6042467/starr-group1/sequencing/TNS/2023/230531_Omicron-MAP_Vir-RBM_Aerium_bc/230512_BA2_lib1_presort_3_S23_R1_001.fastq.gz,230512_BA2_lib1_presort_3_S23_R1_001.fastq.gz
/uufs/chpc.utah.edu/common/home/u6042467/starr-group1/sequencing/TNS/2023/230531_Omicron-MAP_Vir-RBM_Aerium_bc/230512_BA2_lib1_presort_4_S24_R1_001.fastq.gz,230512_BA2_lib1_presort_4_S24_R1_001.fastq.gz
/uufs/chpc.utah.edu/common/home/u6042467/starr-group1/sequencing/TNS/2023/230531_Omicron-MAP_Vir-RBM_Aerium_bc/230512_BA2_lib2_presort_1_S25_R1_001.fastq.gz,230512_BA2_lib2_presort_1_S25_R1_001.fastq.gz
/uufs/chpc.utah.edu/common/home/u6042467/starr-group1/sequencing/TNS/2023/230531_Omicron-MAP_Vir-RBM_Aerium_bc/230512_BA2_lib2_presort_2_S26_R1_001.fastq.gz,230512_BA2_lib2_presort_2_S26_R1_001.fastq.gz
/uufs/chpc.utah.edu/common/home/u6042467/starr-group1/sequencing/TNS/2023/230531_Omicron-MAP_Vir-RBM_Aerium_bc/230512_BA2_lib2_presort_3_S27_R1_001.fastq.gz,230512_BA2_lib2_presort_3_S27_R1_001.fastq.gz
/uufs/chpc.utah.edu/common/home/u6042467/starr-group1/sequencing/TNS/2023/230531_Omicron-MAP_Vir-RBM_Aerium_bc/230512_BA2_lib2_presort_4_S28_R1_001.fastq.gz,230512_BA2_lib2_presort_4_S28_R1_001.fastq.gz
/uufs/chpc.utah.edu/common/home/u6042467/starr-group1/sequencing/TNS/2023/230531_Omicron-MAP_Vir-RBM_Aerium_bc/230512_e7_r1_S13_R1_001.fastq.gz,230512_e7_r1_S13_R1_001.fastq.gz
/uufs/chpc.utah.edu/common/home/u6042467/starr-group1/sequencing/TNS/2023/230531_Omicron-MAP_Vir-RBM_Aerium_bc/230512_e7_r2_S14_R1_001.fastq.gz,230512_e7_r2_S14_R1_001.fastq.gz
/uufs/chpc.utah.edu/common/home/u6042467/starr-group1/sequencing/TNS/2022/221208_Omicron-Vir-RBM-mAbs_bc/221130_BA2_lib1_ref_S87_R1_001.fastq.gz,221130_BA2_lib1_ref_S87_R1_001.fastq.gz
/uufs/chpc.utah.edu/common/home/u6042467/starr-group1/sequencing/TNS/2022/221208_Omicron-Vir-RBM-mAbs_bc/221130_BA2_lib2_ref_S88_R1_001.fastq.gz,221130_BA2_lib2_ref_S88_R1_001.fastq.gz
/uufs/chpc.utah.edu/common/home/u6042467/starr-group1/sequencing/TNS/2022/221208_Omicron-Vir-RBM-mAbs_bc/221130_expt3_lib1_S93_R1_001.fastq.gz,221130_expt3_lib1_S93_R1_001.fastq.gz
/uufs/chpc.utah.edu/common/home/u6042467/starr-group1/sequencing/TNS/2022/221208_Omicron-Vir-RBM-mAbs_bc/221130_expt3_lib2_S94_R1_001.fastq.gz,221130_expt3_lib2_S94_R1_001.fastq.gz
/uufs/chpc.utah.edu/common/home/u6042467/starr-group1/sequencing/TNS/2023/230628_Aerium-Vir-mAbs_XBB-polish/21073R/Fastq/21073X73_230712_A00421_0570_BHFTYKDRX3_S73_L001_R1_001.fastq.gz,21073X73_230712_A00421_0570_BHFTYKDRX3_S73_L001_R1_001.fastq.gz
/uufs/chpc.utah.edu/common/home/u6042467/starr-group1/sequencing/TNS/2023/230628_Aerium-Vir-mAbs_XBB-polish/21073R/Fastq/21073X73_230712_A00421_0570_BHFTYKDRX3_S73_L002_R1_001.fastq.gz,21073X73_230712_A00421_0570_BHFTYKDRX3_S73_L002_R1_001.fastq.gz
/uufs/chpc.utah.edu/common/home/u6042467/starr-group1/sequencing/TNS/2023/230628_Aerium-Vir-mAbs_XBB-polish/21073R/Fastq/21073X74_230712_A00421_0570_BHFTYKDRX3_S74_L001_R1_001.fastq.gz,21073X74_230712_A00421_0570_BHFTYKDRX3_S74_L001_R1_001.fastq.gz
/uufs/chpc.utah.edu/common/home/u6042467/starr-group1/sequencing/TNS/2023/230628_Aerium-Vir-mAbs_XBB-polish/21073R/Fastq/21073X74_230712_A00421_0570_BHFTYKDRX3_S74_L002_R1_001.fastq.gz,21073X74_230712_A00421_0570_BHFTYKDRX3_S74_L002_R1_001.fastq.gz
/uufs/chpc.utah.edu/common/home/u6042467/starr-group1/sequencing/TNS/2023/230628_Aerium-Vir-mAbs_XBB-polish/21073R/Fastq/21073X75_230712_A00421_0570_BHFTYKDRX3_S75_L001_R1_001.fastq.gz,21073X75_230712_A00421_0570_BHFTYKDRX3_S75_L001_R1_001.fastq.gz
/uufs/chpc.utah.edu/common/home/u6042467/starr-group1/sequencing/TNS/2023/230628_Aerium-Vir-mAbs_XBB-polish/21073R/Fastq/21073X75_230712_A00421_0570_BHFTYKDRX3_S75_L002_R1_001.fastq.gz,21073X75_230712_A00421_0570_BHFTYKDRX3_S75_L002_R1_001.fastq.gz
/uufs/chpc.utah.edu/common/home/u6042467/starr-group1/sequencing/TNS/2023/230628_Aerium-Vir-mAbs_XBB-polish/21073R/Fastq/21073X76_230712_A00421_0570_BHFTYKDRX3_S76_L001_R1_001.fastq.gz,21073X76_230712_A00421_0570_BHFTYKDRX3_S76_L001_R1_001.fastq.gz
/uufs/chpc.utah.edu/common/home/u6042467/starr-group1/sequencing/TNS/2023/230628_Aerium-Vir-mAbs_XBB-polish/21073R/Fastq/21073X76_230712_A00421_0570_BHFTYKDRX3_S76_L002_R1_001.fastq.gz,21073X76_230712_A00421_0570_BHFTYKDRX3_S76_L002_R1_001.fastq.gz
/uufs/chpc.utah.edu/common/home/u6042467/starr-group1/sequencing/TNS/2023/230628_Aerium-Vir-mAbs_XBB-polish/21073R/Fastq/21073X77_230712_A00421_0570_BHFTYKDRX3_S77_L001_R1_001.fastq.gz,21073X77_230712_A00421_0570_BHFTYKDRX3_S77_L001_R1_001.fastq.gz
/uufs/chpc.utah.edu/common/home/u6042467/starr-group1/sequencing/TNS/2023/230628_Aerium-Vir-mAbs_XBB-polish/21073R/Fastq/21073X77_230712_A00421_0570_BHFTYKDRX3_S77_L002_R1_001.fastq.gz,21073X77_230712_A00421_0570_BHFTYKDRX3_S77_L002_R1_001.fastq.gz
/uufs/chpc.utah.edu/common/home/u6042467/starr-group1/sequencing/TNS/2023/230628_Aerium-Vir-mAbs_XBB-polish/21073R/Fastq/21073X78_230712_A00421_0570_BHFTYKDRX3_S78_L001_R1_001.fastq.gz,21073X78_230712_A00421_0570_BHFTYKDRX3_S78_L001_R1_001.fastq.gz
/uufs/chpc.utah.edu/common/home/u6042467/starr-group1/sequencing/TNS/2023/230628_Aerium-Vir-mAbs_XBB-polish/21073R/Fastq/21073X78_230712_A00421_0570_BHFTYKDRX3_S78_L002_R1_001.fastq.gz,21073X78_230712_A00421_0570_BHFTYKDRX3_S78_L002_R1_001.fastq.gz
/uufs/chpc.utah.edu/common/home/u6042467/starr-group1/sequencing/TNS/2023/230628_Aerium-Vir-mAbs_XBB-polish/21073R/Fastq/21073X29_230712_A00421_0570_BHFTYKDRX3_S29_L001_R1_001.fastq.gz,21073X29_230712_A00421_0570_BHFTYKDRX3_S29_L001_R1_001.fastq.gz
/uufs/chpc.utah.edu/common/home/u6042467/starr-group1/sequencing/TNS/2023/230628_Aerium-Vir-mAbs_XBB-polish/21073R/Fastq/21073X29_230712_A00421_0570_BHFTYKDRX3_S29_L002_R1_001.fastq.gz,21073X29_230712_A00421_0570_BHFTYKDRX3_S29_L002_R1_001.fastq.gz
/uufs/chpc.utah.edu/common/home/u6042467/starr-group1/sequencing/TNS/2023/230628_Aerium-Vir-mAbs_XBB-polish/21073R/Fastq/21073X30_230712_A00421_0570_BHFTYKDRX3_S30_L001_R1_001.fastq.gz,21073X30_230712_A00421_0570_BHFTYKDRX3_S30_L001_R1_001.fastq.gz
/uufs/chpc.utah.edu/common/home/u6042467/starr-group1/sequencing/TNS/2023/230628_Aerium-Vir-mAbs_XBB-polish/21073R/Fastq/21073X30_230712_A00421_0570_BHFTYKDRX3_S30_L002_R1_001.fastq.gz,21073X30_230712_A00421_0570_BHFTYKDRX3_S30_L002_R1_001.fastq.gz
/uufs/chpc.utah.edu/common/home/u6042467/starr-group1/sequencing/TNS/2023/230628_Aerium-Vir-mAbs_XBB-polish/21073R/Fastq/21073X13_230712_A00421_0570_BHFTYKDRX3_S13_L001_R1_001.fastq.gz,21073X13_230712_A00421_0570_BHFTYKDRX3_S13_L001_R1_001.fastq.gz
/uufs/chpc.utah.edu/common/home/u6042467/starr-group1/sequencing/TNS/2023/230628_Aerium-Vir-mAbs_XBB-polish/21073R/Fastq/21073X13_230712_A00421_0570_BHFTYKDRX3_S13_L002_R1_001.fastq.gz,21073X13_230712_A00421_0570_BHFTYKDRX3_S13_L002_R1_001.fastq.gz
/uufs/chpc.utah.edu/common/home/u6042467/starr-group1/sequencing/TNS/2023/230628_Aerium-Vir-mAbs_XBB-polish/21073R/Fastq/21073X14_230712_A00421_0570_BHFTYKDRX3_S14_L001_R1_001.fastq.gz,21073X14_230712_A00421_0570_BHFTYKDRX3_S14_L001_R1_001.fastq.gz
/uufs/chpc.utah.edu/common/home/u6042467/starr-group1/sequencing/TNS/2023/230628_Aerium-Vir-mAbs_XBB-polish/21073R/Fastq/21073X14_230712_A00421_0570_BHFTYKDRX3_S14_L002_R1_001.fastq.gz,21073X14_230712_A00421_0570_BHFTYKDRX3_S14_L002_R1_001.fastq.gz
/uufs/chpc.utah.edu/common/home/u6042467/starr-group1/sequencing/TNS/2023/230628_Aerium-Vir-mAbs_XBB-polish/21073R/Fastq/21073X19_230712_A00421_0570_BHFTYKDRX3_S19_L001_R1_001.fastq.gz,21073X19_230712_A00421_0570_BHFTYKDRX3_S19_L001_R1_001.fastq.gz
/uufs/chpc.utah.edu/common/home/u6042467/starr-group1/sequencing/TNS/2023/230628_Aerium-Vir-mAbs_XBB-polish/21073R/Fastq/21073X19_230712_A00421_0570_BHFTYKDRX3_S19_L002_R1_001.fastq.gz,21073X19_230712_A00421_0570_BHFTYKDRX3_S19_L002_R1_001.fastq.gz
/uufs/chpc.utah.edu/common/home/u6042467/starr-group1/sequencing/TNS/2023/230628_Aerium-Vir-mAbs_XBB-polish/21073R/Fastq/21073X20_230712_A00421_0570_BHFTYKDRX3_S20_L001_R1_001.fastq.gz,21073X20_230712_A00421_0570_BHFTYKDRX3_S20_L001_R1_001.fastq.gz
/uufs/chpc.utah.edu/common/home/u6042467/starr-group1/sequencing/TNS/2023/230628_Aerium-Vir-mAbs_XBB-polish/21073R/Fastq/21073X20_230712_A00421_0570_BHFTYKDRX3_S20_L002_R1_001.fastq.gz,21073X20_230712_A00421_0570_BHFTYKDRX3_S20_L002_R1_001.fastq.gz
/uufs/chpc.utah.edu/common/home/u6042467/starr-group1/sequencing/TNS/2023/230628_Aerium-Vir-mAbs_XBB-polish/21073R/Fastq/21073X67_230712_A00421_0570_BHFTYKDRX3_S67_L001_R1_001.fastq.gz,21073X67_230712_A00421_0570_BHFTYKDRX3_S67_L001_R1_001.fastq.gz
/uufs/chpc.utah.edu/common/home/u6042467/starr-group1/sequencing/TNS/2023/230628_Aerium-Vir-mAbs_XBB-polish/21073R/Fastq/21073X67_230712_A00421_0570_BHFTYKDRX3_S67_L002_R1_001.fastq.gz,21073X67_230712_A00421_0570_BHFTYKDRX3_S67_L002_R1_001.fastq.gz
/uufs/chpc.utah.edu/common/home/u6042467/starr-group1/sequencing/TNS/2023/230628_Aerium-Vir-mAbs_XBB-polish/21073R/Fastq/21073X68_230712_A00421_0570_BHFTYKDRX3_S68_L001_R1_001.fastq.gz,21073X68_230712_A00421_0570_BHFTYKDRX3_S68_L001_R1_001.fastq.gz
/uufs/chpc.utah.edu/common/home/u6042467/starr-group1/sequencing/TNS/2023/230628_Aerium-Vir-mAbs_XBB-polish/21073R/Fastq/21073X68_230712_A00421_0570_BHFTYKDRX3_S68_L002_R1_001.fastq.gz,21073X68_230712_A00421_0570_BHFTYKDRX3_S68_L002_R1_001.fastq.gz
/uufs/chpc.utah.edu/common/home/u6042467/starr-group1/sequencing/TNS/2023/230628_Aerium-Vir-mAbs_XBB-polish/21073R/Fastq/21073X69_230712_A00421_0570_BHFTYKDRX3_S69_L001_R1_001.fastq.gz,21073X69_230712_A00421_0570_BHFTYKDRX3_S69_L001_R1_001.fastq.gz
/uufs/chpc.utah.edu/common/home/u6042467/starr-group1/sequencing/TNS/2023/230628_Aerium-Vir-mAbs_XBB-polish/21073R/Fastq/21073X69_230712_A00421_0570_BHFTYKDRX3_S69_L002_R1_001.fastq.gz,21073X69_230712_A00421_0570_BHFTYKDRX3_S69_L002_R1_001.fastq.gz
/uufs/chpc.utah.edu/common/home/u6042467/starr-group1/sequencing/TNS/2023/230628_Aerium-Vir-mAbs_XBB-polish/21073R/Fastq/21073X70_230712_A00421_0570_BHFTYKDRX3_S70_L001_R1_001.fastq.gz,21073X70_230712_A00421_0570_BHFTYKDRX3_S70_L001_R1_001.fastq.gz
/uufs/chpc.utah.edu/common/home/u6042467/starr-group1/sequencing/TNS/2023/230628_Aerium-Vir-mAbs_XBB-polish/21073R/Fastq/21073X70_230712_A00421_0570_BHFTYKDRX3_S70_L002_R1_001.fastq.gz,21073X70_230712_A00421_0570_BHFTYKDRX3_S70_L002_R1_001.fastq.gz
/uufs/chpc.utah.edu/common/home/u6042467/starr-group1/sequencing/TNS/2023/230628_Aerium-Vir-mAbs_XBB-polish/21073R/Fastq/21073X71_230712_A00421_0570_BHFTYKDRX3_S71_L001_R1_001.fastq.gz,21073X71_230712_A00421_0570_BHFTYKDRX3_S71_L001_R1_001.fastq.gz
/uufs/chpc.utah.edu/common/home/u6042467/starr-group1/sequencing/TNS/2023/230628_Aerium-Vir-mAbs_XBB-polish/21073R/Fastq/21073X71_230712_A00421_0570_BHFTYKDRX3_S71_L002_R1_001.fastq.gz,21073X71_230712_A00421_0570_BHFTYKDRX3_S71_L002_R1_001.fastq.gz
/uufs/chpc.utah.edu/common/home/u6042467/starr-group1/sequencing/TNS/2023/230628_Aerium-Vir-mAbs_XBB-polish/21073R/Fastq/21073X72_230712_A00421_0570_BHFTYKDRX3_S72_L001_R1_001.fastq.gz,21073X72_230712_A00421_0570_BHFTYKDRX3_S72_L001_R1_001.fastq.gz
/uufs/chpc.utah.edu/common/home/u6042467/starr-group1/sequencing/TNS/2023/230628_Aerium-Vir-mAbs_XBB-polish/21073R/Fastq/21073X72_230712_A00421_0570_BHFTYKDRX3_S72_L002_R1_001.fastq.gz,21073X72_230712_A00421_0570_BHFTYKDRX3_S72_L002_R1_001.fastq.gz
/uufs/chpc.utah.edu/common/home/u6042467/starr-group1/sequencing/TNS/2023/230628_Aerium-Vir-mAbs_XBB-polish/21073R/Fastq/21073X47_230712_A00421_0570_BHFTYKDRX3_S47_L001_R1_001.fastq.gz,21073X47_230712_A00421_0570_BHFTYKDRX3_S47_L001_R1_001.fastq.gz
/uufs/chpc.utah.edu/common/home/u6042467/starr-group1/sequencing/TNS/2023/230628_Aerium-Vir-mAbs_XBB-polish/21073R/Fastq/21073X47_230712_A00421_0570_BHFTYKDRX3_S47_L002_R1_001.fastq.gz,21073X47_230712_A00421_0570_BHFTYKDRX3_S47_L002_R1_001.fastq.gz
/uufs/chpc.utah.edu/common/home/u6042467/starr-group1/sequencing/TNS/2023/230628_Aerium-Vir-mAbs_XBB-polish/21073R/Fastq/21073X48_230712_A00421_0570_BHFTYKDRX3_S48_L001_R1_001.fastq.gz,21073X48_230712_A00421_0570_BHFTYKDRX3_S48_L001_R1_001.fastq.gz
/uufs/chpc.utah.edu/common/home/u6042467/starr-group1/sequencing/TNS/2023/230628_Aerium-Vir-mAbs_XBB-polish/21073R/Fastq/21073X48_230712_A00421_0570_BHFTYKDRX3_S48_L002_R1_001.fastq.gz,21073X48_230712_A00421_0570_BHFTYKDRX3_S48_L002_R1_001.fastq.gz
/uufs/chpc.utah.edu/common/home/u6042467/starr-group1/sequencing/TNS/2023/230628_Aerium-Vir-mAbs_XBB-polish/21073R/Fastq/21073X21_230712_A00421_0570_BHFTYKDRX3_S21_L001_R1_001.fastq.gz,21073X21_230712_A00421_0570_BHFTYKDRX3_S21_L001_R1_001.fastq.gz
/uufs/chpc.utah.edu/common/home/u6042467/starr-group1/sequencing/TNS/2023/230628_Aerium-Vir-mAbs_XBB-polish/21073R/Fastq/21073X21_230712_A00421_0570_BHFTYKDRX3_S21_L002_R1_001.fastq.gz,21073X21_230712_A00421_0570_BHFTYKDRX3_S21_L002_R1_001.fastq.gz
/uufs/chpc.utah.edu/common/home/u6042467/starr-group1/sequencing/TNS/2023/230628_Aerium-Vir-mAbs_XBB-polish/21073R/Fastq/21073X22_230712_A00421_0570_BHFTYKDRX3_S22_L001_R1_001.fastq.gz,21073X22_230712_A00421_0570_BHFTYKDRX3_S22_L001_R1_001.fastq.gz
/uufs/chpc.utah.edu/common/home/u6042467/starr-group1/sequencing/TNS/2023/230628_Aerium-Vir-mAbs_XBB-polish/21073R/Fastq/21073X22_230712_A00421_0570_BHFTYKDRX3_S22_L002_R1_001.fastq.gz,21073X22_230712_A00421_0570_BHFTYKDRX3_S22_L002_R1_001.fastq.gz
/uufs/chpc.utah.edu/common/home/u6042467/starr-group1/sequencing/TNS/2023/230628_Aerium-Vir-mAbs_XBB-polish/21073R/Fastq/21073X27_230712_A00421_0570_BHFTYKDRX3_S27_L001_R1_001.fastq.gz,21073X27_230712_A00421_0570_BHFTYKDRX3_S27_L001_R1_001.fastq.gz
/uufs/chpc.utah.edu/common/home/u6042467/starr-group1/sequencing/TNS/2023/230628_Aerium-Vir-mAbs_XBB-polish/21073R/Fastq/21073X27_230712_A00421_0570_BHFTYKDRX3_S27_L002_R1_001.fastq.gz,21073X27_230712_A00421_0570_BHFTYKDRX3_S27_L002_R1_001.fastq.gz
/uufs/chpc.utah.edu/common/home/u6042467/starr-group1/sequencing/TNS/2023/230628_Aerium-Vir-mAbs_XBB-polish/21073R/Fastq/21073X28_230712_A00421_0570_BHFTYKDRX3_S28_L001_R1_001.fastq.gz,21073X28_230712_A00421_0570_BHFTYKDRX3_S28_L001_R1_001.fastq.gz
/uufs/chpc.utah.edu/common/home/u6042467/starr-group1/sequencing/TNS/2023/230628_Aerium-Vir-mAbs_XBB-polish/21073R/Fastq/21073X28_230712_A00421_0570_BHFTYKDRX3_S28_L002_R1_001.fastq.gz,21073X28_230712_A00421_0570_BHFTYKDRX3_S28_L002_R1_001.fastq.gz
/uufs/chpc.utah.edu/common/home/u6042467/starr-group1/sequencing/TNS/2024/240508_Illumina_mAb-escape-SA55-Omi42/240415-lib59-presort-1_R1_001.fastq.gz,240415-lib59-presort-1_R1_001.fastq.gz
/uufs/chpc.utah.edu/common/home/u6042467/starr-group1/sequencing/TNS/2024/240508_Illumina_mAb-escape-SA55-Omi42/240415-lib59-presort-2_R1_001.fastq.gz,240415-lib59-presort-2_R1_001.fastq.gz
/uufs/chpc.utah.edu/common/home/u6042467/starr-group1/sequencing/TNS/2024/240508_Illumina_mAb-escape-SA55-Omi42/240415-lib59-presort-3_R1_001.fastq.gz,240415-lib59-presort-3_R1_001.fastq.gz
/uufs/chpc.utah.edu/common/home/u6042467/starr-group1/sequencing/TNS/2024/240508_Illumina_mAb-escape-SA55-Omi42/240415-lib59-presort-4_R1_001.fastq.gz,240415-lib59-presort-4_R1_001.fastq.gz
/uufs/chpc.utah.edu/common/home/u6042467/starr-group1/sequencing/TNS/2024/240508_Illumina_mAb-escape-SA55-Omi42/240415-lib60-presort-1_R1_001.fastq.gz,240415-lib60-presort-1_R1_001.fastq.gz
/uufs/chpc.utah.edu/common/home/u6042467/starr-group1/sequencing/TNS/2024/240508_Illumina_mAb-escape-SA55-Omi42/240415-lib60-presort-2_R1_001.fastq.gz,240415-lib60-presort-2_R1_001.fastq.gz
/uufs/chpc.utah.edu/common/home/u6042467/starr-group1/sequencing/TNS/2024/240508_Illumina_mAb-escape-SA55-Omi42/240415-lib60-presort-3_R1_001.fastq.gz,240415-lib60-presort-3_R1_001.fastq.gz
/uufs/chpc.utah.edu/common/home/u6042467/starr-group1/sequencing/TNS/2024/240508_Illumina_mAb-escape-SA55-Omi42/240415-lib60-presort-4_R1_001.fastq.gz,240415-lib60-presort-4_R1_001.fastq.gz
/uufs/chpc.utah.edu/common/home/u6042467/starr-group1/sequencing/TNS/2024/240508_Illumina_mAb-escape-SA55-Omi42/240415-e2-r1_R1_001.fastq.gz,240415-e2-r1_R1_001.fastq.gz
/uufs/chpc.utah.edu/common/home/u6042467/starr-group1/sequencing/TNS/2024/240508_Illumina_mAb-escape-SA55-Omi42/240415-e2-r2_R1_001.fastq.gz,240415-e2-r2_R1_001.fastq.gz
/uufs/chpc.utah.edu/common/home/u6042467/starr-group1/sequencing/TNS/2024/240508_Illumina_mAb-escape-SA55-Omi42/240415-e5-r1_R1_001.fastq.gz,240415-e5-r1_R1_001.fastq.gz
/uufs/chpc.utah.edu/common/home/u6042467/starr-group1/sequencing/TNS/2024/240508_Illumina_mAb-escape-SA55-Omi42/240415-e5-r2_R1_001.fastq.gz,240415-e5-r2_R1_001.fastq.gz
/uufs/chpc.utah.edu/common/home/u6042467/starr-group1/sequencing/TNS/2024/240330_Illumina_mAb-escape-V29-Omicronv3/240305-lib94-presort-1_R1_001.fastq.gz,240305-lib94-presort-1_R1_001.fastq.gz
/uufs/chpc.utah.edu/common/home/u6042467/starr-group1/sequencing/TNS/2024/240330_Illumina_mAb-escape-V29-Omicronv3/240305-lib94-presort-2_R1_001.fastq.gz,240305-lib94-presort-2_R1_001.fastq.gz
/uufs/chpc.utah.edu/common/home/u6042467/starr-group1/sequencing/TNS/2024/240330_Illumina_mAb-escape-V29-Omicronv3/240305-lib94-presort-3_R1_001.fastq.gz,240305-lib94-presort-3_R1_001.fastq.gz
/uufs/chpc.utah.edu/common/home/u6042467/starr-group1/sequencing/TNS/2024/240330_Illumina_mAb-escape-V29-Omicronv3/240305-lib94-presort-4_R1_001.fastq.gz,240305-lib94-presort-4_R1_001.fastq.gz
/uufs/chpc.utah.edu/common/home/u6042467/starr-group1/sequencing/TNS/2024/240330_Illumina_mAb-escape-V29-Omicronv3/240305-lib95-presort-1_R1_001.fastq.gz,240305-lib95-presort-1_R1_001.fastq.gz
/uufs/chpc.utah.edu/common/home/u6042467/starr-group1/sequencing/TNS/2024/240330_Illumina_mAb-escape-V29-Omicronv3/240305-lib95-presort-2_R1_001.fastq.gz,240305-lib95-presort-2_R1_001.fastq.gz
/uufs/chpc.utah.edu/common/home/u6042467/starr-group1/sequencing/TNS/2024/240330_Illumina_mAb-escape-V29-Omicronv3/240305-lib95-presort-3_R1_001.fastq.gz,240305-lib95-presort-3_R1_001.fastq.gz
/uufs/chpc.utah.edu/common/home/u6042467/starr-group1/sequencing/TNS/2024/240330_Illumina_mAb-escape-V29-Omicronv3/240305-lib95-presort-4_R1_001.fastq.gz,240305-lib95-presort-4_R1_001.fastq.gz
/uufs/chpc.utah.edu/common/home/u6042467/starr-group1/sequencing/TNS/2024/240507_Illumina_mAb-escape-V29-Omicronv3-redo/242305-e1-r1v2_R1_001.fastq.gz,242305-e1-r1v2_R1_001.fastq.gz
/uufs/chpc.utah.edu/common/home/u6042467/starr-group1/sequencing/TNS/2024/240507_Illumina_mAb-escape-V29-Omicronv3-redo/242305-e1-r2v2_R1_001.fastq.gz,242305-e1-r2v2_R1_001.fastq.gz
/uufs/chpc.utah.edu/common/home/u6042467/starr-group1/sequencing/TNS/2024/240507_Illumina_mAb-escape-V29-Omicronv3-redo/242305-e2-r1v2_R1_001.fastq.gz,242305-e2-r1v2_R1_001.fastq.gz
/uufs/chpc.utah.edu/common/home/u6042467/starr-group1/sequencing/TNS/2024/240507_Illumina_mAb-escape-V29-Omicronv3-redo/242305-e2-r2v2_R1_001.fastq.gz,242305-e2-r2v2_R1_001.fastq.gz
/uufs/chpc.utah.edu/common/home/u6042467/starr-group1/sequencing/TNS/2024/240507_Illumina_mAb-escape-V29-Omicronv3-redo/242305-e3-r1v2_R1_001.fastq.gz,242305-e3-r1v2_R1_001.fastq.gz
/uufs/chpc.utah.edu/common/home/u6042467/starr-group1/sequencing/TNS/2024/240507_Illumina_mAb-escape-V29-Omicronv3-redo/242305-e3-r2v2_R1_001.fastq.gz,242305-e3-r2v2_R1_001.fastq.gz
/uufs/chpc.utah.edu/common/home/u6042467/starr-group1/sequencing/TNS/2024/240330_Illumina_mAb-escape-V29-Omicronv3/240305-lib93-presort-1_R1_001.fastq.gz,240305-lib93-presort-1_R1_001.fastq.gz
/uufs/chpc.utah.edu/common/home/u6042467/starr-group1/sequencing/TNS/2024/240330_Illumina_mAb-escape-V29-Omicronv3/240305-lib93-presort-2_R1_001.fastq.gz,240305-lib93-presort-2_R1_001.fastq.gz
/uufs/chpc.utah.edu/common/home/u6042467/starr-group1/sequencing/TNS/2024/240330_Illumina_mAb-escape-V29-Omicronv3/240305-lib93-presort-3_R1_001.fastq.gz,240305-lib93-presort-3_R1_001.fastq.gz
/uufs/chpc.utah.edu/common/home/u6042467/starr-group1/sequencing/TNS/2024/240330_Illumina_mAb-escape-V29-Omicronv3/240305-lib93-presort-4_R1_001.fastq.gz,240305-lib93-presort-4_R1_001.fastq.gz
/uufs/chpc.utah.edu/common/home/u6042467/starr-group1/sequencing/TNS/2024/240330_Illumina_mAb-escape-V29-Omicronv3/230622-e7-r1_R1_001.fastq.gz,230622-e7-r1_R1_001.fastq.gz
/uufs/chpc.utah.edu/common/home/u6042467/starr-group1/sequencing/TNS/2024/240330_Illumina_mAb-escape-V29-Omicronv3/230622-e7-r2_R1_001.fastq.gz,230622-e7-r2_R1_001.fastq.gz
/uufs/chpc.utah.edu/common/home/u6042467/starr-group1/sequencing/TNS/2024/240330_Illumina_mAb-escape-V29-Omicronv3/230622-e8-r1_R1_001.fastq.gz,230622-e8-r1_R1_001.fastq.gz
/uufs/chpc.utah.edu/common/home/u6042467/starr-group1/sequencing/TNS/2024/240330_Illumina_mAb-escape-V29-Omicronv3/230622-e8-r2_R1_001.fastq.gz,230622-e8-r2_R1_001.fastq.gz
/uufs/chpc.utah.edu/common/home/u6042467/starr-group1/sequencing/TNS/2024/240330_Illumina_mAb-escape-V29-Omicronv3/240305-lib92-presort-1_R1_001.fastq.gz,240305-lib92-presort-1_R1_001.fastq.gz
/uufs/chpc.utah.edu/common/home/u6042467/starr-group1/sequencing/TNS/2024/240330_Illumina_mAb-escape-V29-Omicronv3/240305-lib92-presort-2_R1_001.fastq.gz,240305-lib92-presort-2_R1_001.fastq.gz
/uufs/chpc.utah.edu/common/home/u6042467/starr-group1/sequencing/TNS/2024/240330_Illumina_mAb-escape-V29-Omicronv3/240305-lib92-presort-3_R1_001.fastq.gz,240305-lib92-presort-3_R1_001.fastq.gz
/uufs/chpc.utah.edu/common/home/u6042467/starr-group1/sequencing/TNS/2024/240330_Illumina_mAb-escape-V29-Omicronv3/240305-lib92-presort-4_R1_001.fastq.gz,240305-lib92-presort-4_R1_001.fastq.gz
/uufs/chpc.utah.edu/common/home/u6042467/starr-group1/sequencing/TNS/2024/240508_Illumina_mAb-escape-SA55-Omi42/240415-lib92-presort-1_R1_001.fastq.gz,240415-lib92-presort-1_R1_001.fastq.gz
/uufs/chpc.utah.edu/common/home/u6042467/starr-group1/sequencing/TNS/2024/240508_Illumina_mAb-escape-SA55-Omi42/240415-lib92-presort-2_R1_001.fastq.gz,240415-lib92-presort-2_R1_001.fastq.gz
/uufs/chpc.utah.edu/common/home/u6042467/starr-group1/sequencing/TNS/2024/240508_Illumina_mAb-escape-SA55-Omi42/240415-lib92-presort-3_R1_001.fastq.gz,240415-lib92-presort-3_R1_001.fastq.gz
/uufs/chpc.utah.edu/common/home/u6042467/starr-group1/sequencing/TNS/2024/240508_Illumina_mAb-escape-SA55-Omi42/240415-lib92-presort-4_R1_001.fastq.gz,240415-lib92-presort-4_R1_001.fastq.gz
/uufs/chpc.utah.edu/common/home/u6042467/starr-group1/sequencing/TNS/2024/240508_Illumina_mAb-escape-SA55-Omi42/240415-lib93-presort-1_R1_001.fastq.gz,240415-lib93-presort-1_R1_001.fastq.gz
/uufs/chpc.utah.edu/common/home/u6042467/starr-group1/sequencing/TNS/2024/240508_Illumina_mAb-escape-SA55-Omi42/240415-lib93-presort-2_R1_001.fastq.gz,240415-lib93-presort-2_R1_001.fastq.gz
/uufs/chpc.utah.edu/common/home/u6042467/starr-group1/sequencing/TNS/2024/240508_Illumina_mAb-escape-SA55-Omi42/240415-lib93-presort-3_R1_001.fastq.gz,240415-lib93-presort-3_R1_001.fastq.gz
/uufs/chpc.utah.edu/common/home/u6042467/starr-group1/sequencing/TNS/2024/240508_Illumina_mAb-escape-SA55-Omi42/240415-lib93-presort-4_R1_001.fastq.gz,240415-lib93-presort-4_R1_001.fastq.gz
/uufs/chpc.utah.edu/common/home/u6042467/starr-group1/sequencing/TNS/2024/240508_Illumina_mAb-escape-SA55-Omi42/240415-e3-r1_R1_001.fastq.gz,240415-e3-r1_R1_001.fastq.gz
/uufs/chpc.utah.edu/common/home/u6042467/starr-group1/sequencing/TNS/2024/240508_Illumina_mAb-escape-SA55-Omi42/240415-e3-r2_R1_001.fastq.gz,240415-e3-r2_R1_001.fastq.gz
/uufs/chpc.utah.edu/common/home/u6042467/starr-group1/sequencing/TNS/2024/240508_Illumina_mAb-escape-SA55-Omi42/240415-e6-r1_R1_001.fastq.gz,240415-e6-r1_R1_001.fastq.gz
/uufs/chpc.utah.edu/common/home/u6042467/starr-group1/sequencing/TNS/2024/240508_Illumina_mAb-escape-SA55-Omi42/240415-e6-r2_R1_001.fastq.gz,240415-e6-r2_R1_001.fastq.gz
